"External_Id__c","Crew_Type__c","Roof_Type__c","Panels_Per_Day__c"
"CAP-ROOF-TILE","Roof","Tile","18"
"CAP-ROOF-SLATE","Roof","Slate","14"
"CAP-ROOF-FLAT","Roof","Flat","26"
"CAP-ROOF-METAL","Roof","Metal","22"
"CAP-GROUND-TILE","Ground","Tile","14"
"CAP-GROUND-SLATE","Ground","Slate","10"
"CAP-GROUND-FLAT","Ground","Flat","22"
"CAP-GROUND-METAL","Ground","Metal","18"
"CAP-ELECTRICAL-TILE","Electrical","Tile","14"
"CAP-ELECTRICAL-SLATE","Electrical","Slate","10"
"CAP-ELECTRICAL-FLAT","Electrical","Flat","22"
"CAP-ELECTRICAL-METAL","Electrical","Metal","18"
